[{"station_name":"TORONTO CITY","climate_id":"6158355","latitude":43.67,"longitude":null,"date_month":"2023-01","feature_id":null,"map":null,"temperature_celsius_avg":0.3396505376,"temperature_celsius_min":-9.2,"temperature_celsius_max":6.0,"temperature_celsius_yoy_avg":null},{"station_name":"TORONTO CITY","climate_id":"6158355","latitude":43.67,"longitude":null,"date_month":"2023-02","feature_id":null,"map":null,"temperature_celsius_avg":-0.362797619,"temperature_celsius_min":-20.3,"temperature_celsius_max":15.1,"temperature_celsius_yoy_avg":null},{"station_name":"TORONTO CITY","climate_id":"6158355","latitude":43.67,"longitude":null,"date_month":"2023-03","feature_id":null,"map":null,"temperature_celsius_avg":1.8779569892,"temperature_celsius_min":-6.6,"temperature_celsius_max":10.1,"temperature_celsius_yoy_avg":null},{"station_name":"TORONTO CITY","climate_id":"6158355","latitude":43.67,"longitude":null,"date_month":"2023-04","feature_id":null,"map":null,"temperature_celsius_avg":9.42,"temperature_celsius_min":-3.5,"temperature_celsius_max":27.1,"temperature_celsius_yoy_avg":null},{"station_name":"TORONTO CITY","climate_id":"6158355","latitude":43.67,"longitude":null,"date_month":"2023-05","feature_id":null,"map":null,"temperature_celsius_avg":14.3780913978,"temperature_celsius_min":2.8,"temperature_celsius_max":29.5,"temperature_celsius_yoy_avg":null},{"station_name":"TORONTO CITY","climate_id":"6158355","latitude":43.67,"longitude":null,"date_month":"2023-06","feature_id":null,"map":null,"temperature_celsius_avg":19.6390277778,"temperature_celsius_min":11.9,"temperature_celsius_max":31.9,"temperature_celsius_yoy_avg":null},{"station_name":"TORONTO CITY","climate_id":"6158355","latitude":43.67,"longitude":null,"date_month":"2023-07","feature_id":null,"map":null,"temperature_celsius_avg":22.5220430108,"temperature_celsius_min":14.8,"temperature_celsius_max":31.0,"temperature_celsius_yoy_avg":null},{"station_name":"TORONTO CITY","climate_id":"6158355","latitude":43.67,"longitude":null,"date_month":"2023-08","feature_id":null,"map":null,"temperature_celsius_avg":20.5728494624,"temperature_celsius_min":11.8,"temperature_celsius_max":28.8,"temperature_celsius_yoy_avg":null},{"station_name":"TORONTO CITY","climate_id":"6158355","latitude":43.67,"longitude":null,"date_month":"2023-09","feature_id":null,"map":null,"temperature_celsius_avg":18.8969444444,"temperature_celsius_min":9.6,"temperature_celsius_max":32.2,"temperature_celsius_yoy_avg":null},{"station_name":"TORONTO CITY","climate_id":"6158355","latitude":43.67,"longitude":null,"date_month":"2023-10","feature_id":null,"map":null,"temperature_celsius_avg":12.8427419355,"temperature_celsius_min":0.5,"temperature_celsius_max":28.0,"temperature_celsius_yoy_avg":null},{"station_name":"TORONTO CITY","climate_id":"6158355","latitude":43.67,"longitude":null,"date_month":"2023-11","feature_id":null,"map":null,"temperature_celsius_avg":4.906442577,"temperature_celsius_min":-3.9,"temperature_celsius_max":13.7,"temperature_celsius_yoy_avg":null},{"station_name":"TORONTO CITY","climate_id":"6158355","latitude":43.67,"longitude":null,"date_month":"2023-12","feature_id":null,"map":null,"temperature_celsius_avg":3.6221774194,"temperature_celsius_min":-4.2,"temperature_celsius_max":12.9,"temperature_celsius_yoy_avg":null},{"station_name":"TORONTO CITY","climate_id":"6158355","latitude":43.67,"longitude":null,"date_month":"2024-01","feature_id":null,"map":null,"temperature_celsius_avg":-1.2860215054,"temperature_celsius_min":-14.1,"temperature_celsius_max":6.9,"temperature_celsius_yoy_avg":null},{"station_name":"TORONTO CITY","climate_id":"6158355","latitude":43.67,"longitude":null,"date_month":"2024-02","feature_id":null,"map":null,"temperature_celsius_avg":1.5327586207,"temperature_celsius_min":-11.7,"temperature_celsius_max":15.3,"temperature_celsius_yoy_avg":null},{"station_name":"TORONTO CITY","climate_id":"6158355","latitude":43.67,"longitude":null,"date_month":"2024-03","feature_id":null,"map":null,"temperature_celsius_avg":4.4768817204,"temperature_celsius_min":-6.3,"temperature_celsius_max":20.5,"temperature_celsius_yoy_avg":null},{"station_name":"TORONTO CITY","climate_id":"6158355","latitude":43.67,"longitude":null,"date_month":"2024-04","feature_id":null,"map":null,"temperature_celsius_avg":9.0331944444,"temperature_celsius_min":1.3,"temperature_celsius_max":19.5,"temperature_celsius_yoy_avg":null},{"station_name":"TORONTO CITY","climate_id":"6158355","latitude":43.67,"longitude":null,"date_month":"2024-05","feature_id":null,"map":null,"temperature_celsius_avg":16.5336021505,"temperature_celsius_min":8.5,"temperature_celsius_max":29.8,"temperature_celsius_yoy_avg":null},{"station_name":"TORONTO CITY","climate_id":"6158355","latitude":43.67,"longitude":null,"date_month":"2024-06","feature_id":null,"map":null,"temperature_celsius_avg":20.0311111111,"temperature_celsius_min":11.4,"temperature_celsius_max":32.8,"temperature_celsius_yoy_avg":null},{"station_name":"TORONTO CITY","climate_id":"6158355","latitude":43.67,"longitude":null,"date_month":"2024-07","feature_id":null,"map":null,"temperature_celsius_avg":22.8697831978,"temperature_celsius_min":12.3,"temperature_celsius_max":31.9,"temperature_celsius_yoy_avg":null},{"station_name":"TORONTO CITY","climate_id":"6158355","latitude":43.67,"longitude":null,"date_month":"2024-08","feature_id":null,"map":null,"temperature_celsius_avg":21.5920698925,"temperature_celsius_min":11.5,"temperature_celsius_max":31.8,"temperature_celsius_yoy_avg":null},{"station_name":"TORONTO CITY","climate_id":"6158355","latitude":43.67,"longitude":null,"date_month":"2024-09","feature_id":null,"map":null,"temperature_celsius_avg":19.276216968,"temperature_celsius_min":8.7,"temperature_celsius_max":28.3,"temperature_celsius_yoy_avg":null},{"station_name":"TORONTO CITY","climate_id":"6158355","latitude":43.67,"longitude":null,"date_month":"2024-10","feature_id":null,"map":null,"temperature_celsius_avg":12.6461021505,"temperature_celsius_min":2.0,"temperature_celsius_max":23.2,"temperature_celsius_yoy_avg":null},{"station_name":"TORONTO CITY","climate_id":"6158355","latitude":43.67,"longitude":null,"date_month":"2024-11","feature_id":null,"map":null,"temperature_celsius_avg":7.5748611111,"temperature_celsius_min":-2.8,"temperature_celsius_max":22.4,"temperature_celsius_yoy_avg":null},{"station_name":"TORONTO CITY","climate_id":"6158355","latitude":43.67,"longitude":null,"date_month":"2024-12","feature_id":null,"map":null,"temperature_celsius_avg":0.5252688172,"temperature_celsius_min":-16.2,"temperature_celsius_max":10.8,"temperature_celsius_yoy_avg":null}]